index,zone,slack,lat,lon,name,voltage
n3303,DE,False,48.637446,12.172852,Altheim,220.0
n3304,DE,False,47.941187,11.979218,Marienberg,380.0
n3305,DE,False,48.79239000000001,11.501312,Irsching,380.0
n3306,DE,False,48.348035,11.260986,Oberbachern,380.0
n3307,DE,False,48.087,11.184000000000001,Oberbrunn,220.0
n3308,DE,False,48.067,11.184000000000001,Oberbrunn,380.0
n3309,DE,False,48.277709,11.355743,Menzing,380.0
n3310,DE,False,48.862,11.363,Ingolstadt,220.0
n3311,DE,False,48.842,11.363,Ingolstadt,380.0
n3312,DE,False,48.545705,11.778717,Zolling,380.0
n3313,DE,False,48.322474,11.681213,Neufinsing,380.0
n3314,DE,False,48.266741,11.589203,Föhring,380.0
n3315,DE,False,48.314255,11.825409,Ottenhofen,380.0
n3316,DE,False,48.86832800000001,11.841888,Sittling,220.0
n3317,DE,False,48.992834,12.034149,Regensburg,380.0
n3318,DE,False,48.20088,12.628784,Pirach,220.0
n3319,DE,False,48.659222,12.292328,Isar,380.0
n3320,DE,False,48.332517,12.929535,Simbach,220.0
n3321,DE,False,48.68600000000001,13.035,Pleinting,220.0
n3322,DE,False,48.666,13.035,Pleinting,380.0
n3323,DE,False,47.528329,11.122284,Krün,220.0
n3324,DE,False,48.801436,12.741394,Plattling,380.0
n3348,AT,False,48.266000000000005,13.082,St. Peter,220.0
n3453,DE,False,47.707913,7.8717039999999905,Wehr,380.0
n3454,DE,False,48.114,7.7139999999999995,Eichstetten,220.0
n3455,DE,False,48.093999999999994,7.7139999999999995,Eichstetten,380.0
n3456,DE,False,47.609,7.934,Kühmoos,220.0
n3457,DE,False,47.589,7.934,Kühmoos,380.0
n3458,DE,False,47.716,8.149,Gurtweil,220.0
n3459,DE,False,47.69600000000001,8.149,Gurtweil,380.0
n3460,DE,False,47.66,8.205,Tiengen,220.0
n3461,DE,False,47.64,8.205,Tiengen,380.0
n3462,DE,False,48.074409,8.386688000000001,Villingen,380.0
n3463,DE,False,48.499318,7.87857099999999,Weier,220.0
n3464,DE,False,48.762526,8.245239,Kuppenheim,220.0
n3465,DE,False,48.992834,8.423766999999991,Daxlanden,380.0
n3466,DE,False,49.019,8.326,Karlsruhe West,220.0
n3467,DE,False,48.998999999999995,8.326,Karlsruhe West,380.0
n3468,DE,False,47.810388,8.962097,Stockach,220.0
n3469,DE,False,47.789171,8.79180899999999,Beuren,220.0
n3470,DE,False,48.079914,8.52813699999999,Trossingen,380.0
n3471,DE,False,48.781533,8.567962999999981,Birkenfeld,220.0
n3472,DE,False,48.516604,8.749236999999999,Oberjettingen,380.0
n3473,DE,False,48.244797,8.86184700000001,Engstlatt,380.0
n3474,DE,False,48.816,8.925,Pulverdingen,220.0
n3475,DE,False,48.79600000000001,8.925,Pulverdingen,380.0
n3476,DE,False,48.242967,9.843749999999991,Delmensingen,380.0
n3477,DE,False,48.037692,9.39605700000001,Herbertingen,380.0
n3478,DE,False,47.708837,9.606171000000009,Grünkraut,380.0
n3479,DE,False,47.622827,9.73251299999999,Obermooweiler,380.0
n3480,DE,False,48.592051,9.280701,Wendlingen,380.0
n3481,DE,False,48.484756,9.24499499999999,Metzingen,380.0
n3482,DE,False,48.831,9.134,Hoheneck,220.0
n3483,DE,False,48.81100000000001,9.134,Hoheneck,380.0
n3484,DE,False,48.736267,9.328766000000009,Endersbach,380.0
n3485,DE,False,48.397297,9.600677,Laichingen,380.0
n3486,DE,False,48.621109,9.574585,Bünzwangen,380.0
n3487,DE,False,49.038000000000004,9.352,Neckarwestheim,220.0
n3488,DE,False,49.018,9.352,Neckarwestheim,380.0
n3489,DE,False,47.952225,10.192566,Memmingen,220.0
n3490,DE,False,47.742094,10.349121,Leupolz,380.0
n3491,DE,False,47.632082,10.26535,Rauhenzell ,220.0
n3492,DE,False,48.563885,10.421906,Gundremmingen,380.0
n3493,DE,False,48.493857,10.170592999999998,Niederstotzingen,380.0
n3494,DE,False,48.209,10.062999999999999,Vöhringen,220.0
n3495,DE,False,48.18899999999999,10.062999999999999,Vöhringen,380.0
n3496,DE,False,48.79239000000001,10.095062,Goldshöfe,380.0
n3497,DE,False,48.622016,10.204926,Rotensohl,380.0
n3498,DE,False,48.424644,10.859985,Lechhausen,380.0
n3499,DE,False,48.325,10.783,Oberottmarshausen,220.0
n3500,DE,False,48.305,10.783,Oberottmarshausen,380.0
n3501,DE,False,48.62837,10.829773,Meitingen,380.0
n3502,DE,False,48.499318,10.8284,Gersthofen,380.0
n3503,DE,False,48.670106,9.299927,Altbach,380.0
n3504,DE,False,48.643798,8.022766,Bühl,220.0
n3505,DE,False,48.946857,8.522644,Oberwald,220.0
n3507,DE,False,48.772483,9.229889,Mühlhausen,380.0
n3512,AT,False,47.126999999999995,9.792,Bürs,380.0
n3520,AT,False,47.251999999999995,10.731,Westtirol,380.0
n3581,FR,False,47.631,7.412000000000001,Sierentz,380.0
n3587,FR,False,48.03861,7.474823,Vogelgrun,220.0
n3610,FR,False,47.88500000000001,7.394,Muhlbach,380.0
n3735,CH,False,47.486,7.968999999999999,Laufenburg,380.0
n3739,CH,False,47.514418,7.70965599999999,Asphard,380.0
n3827,CH,False,47.47,8.27,Beznau,380.0
n3848,DE,False,47.593841,7.874778999999999,Schwörstadt,220.0
n4494,CZ,False,50.230516,13.439026,Hradec Východ,380.0
n4496,DE,False,51.316881,12.484589,Lippendorf,380.0
n4497,DE,False,51.394922,11.943512,Schkopau,380.0
n4498,DE,False,52.465214,12.935028,Reuter West,380.0
n4499,DE,False,50.21558,11.179962,Redwitz,380.0
n4500,DE,False,49.454735,11.306305,Ludersheim,220.0
n4501,DE,False,50.658167,11.532898,Hohenwarte,220.0
n4502,DE,False,51.605225,11.455994,Klostermansfeld,380.0
n4503,DE,False,52.011091,11.722412,Förderstedt,380.0
n4504,DE,False,52.171405,11.107178,Helmstedt,380.0
n4505,DE,False,52.238,11.745999999999999,Wolmirstedt,220.0
n4506,DE,False,52.218,11.745999999999999,Wolmirstedt,380.0
n4507,DE,False,51.18709000000001,14.184723000000002,Schmölln,380.0
n4508,DE,False,50.613746,12.786713,Zwönitz,380.0
n4509,DE,False,50.271788,11.78009,Mechlenreuth,380.0
n4510,DE,False,49.688066,12.049255,Etzenricht,380.0
n4511,DE,False,49.36,12.030999999999999,Schwandorf,220.0
n4512,DE,False,49.34,12.030999999999999,Schwandorf,380.0
n4513,DE,False,50.777,12.079,Weida,220.0
n4514,DE,False,50.75700000000001,12.079,Weida,380.0
n4515,DE,False,50.591,11.722000000000001,Remptendorf,220.0
n4516,DE,False,50.57100000000001,11.722000000000001,Remptendorf,380.0
n4517,DE,False,50.992,11.455,Vieselbach,220.0
n4518,DE,False,50.972,11.455,Vieselbach,380.0
n4519,DE,False,50.877044,11.733398,Großschwabhausen,380.0
n4520,DE,False,50.86,12.802,Röhrsdorf,220.0
n4521,DE,False,50.84,12.802,Röhrsdorf,380.0
n4522,DE,False,50.593699,12.33902,Herlasgrün,220.0
n4523,DE,False,50.79378300000001,12.532654,Crossen,220.0
n4524,DE,False,51.126000000000005,12.695,Eula,220.0
n4525,DE,False,51.106,12.695,Eula,380.0
n4526,DE,False,50.84844,13.040771,Niederwiesa,220.0
n4527,DE,False,51.013755,13.815307999999998,Dresden-Süd,380.0
n4528,DE,False,52.568004,12.740021,Teufelsbruch,380.0
n4529,DE,False,51.75849,12.181091,Marke,380.0
n4530,DE,False,51.308296,12.685089,Taucha,220.0
n4531,DE,False,52.097226,11.862488,Magdeburg,220.0
n4532,DE,False,52.331982,12.139893,Brandenburg West,220.0
n4533,DE,False,52.575,12.377,Wustermark,220.0
n4534,DE,False,52.555,12.377,Wustermark,380.0
n4535,DE,False,52.107,13.362,Thyrow,220.0
n4536,DE,False,52.086999999999996,13.362,Thyrow,380.0
n4537,DE,False,51.894292,13.914185,Ragow,380.0
n4538,DE,False,51.31,13.447000000000001,Streumen,220.0
n4539,DE,False,51.29,13.447000000000001,Streumen,380.0
n4540,DE,False,51.794178,14.397583,Preilack,380.0
n4541,DE,False,52.266000000000005,13.83,Wuhlheide,220.0
n4542,DE,False,52.246,13.83,Wuhlheide,380.0
n4543,DE,False,52.406608,13.036652,Charlottenburg,380.0
n4544,DE,False,52.437595,13.443146,Friedrichshain,380.0
n4545,DE,False,52.476000000000006,13.894,Neuenhagen,220.0
n4546,DE,False,52.456,13.894,Neuenhagen,380.0
n4547,DE,False,51.532669,14.441528,Graustein,380.0
n4548,DE,False,51.363207,14.47998,Bärwalde,380.0
n4549,DE,False,51.146617,14.80957,Hagenwerder,380.0
n4550,DE,False,52.125058,14.61731,Eisenhüttenstadt,380.0
n4551,DE,False,52.409121,12.816925,Reuter,380.0
n4552,DE,False,52.425873,13.643646,Marzahn,380.0
n4553,DE,False,51.268789,12.384338,Pulgar,380.0
n4554,DE,False,50.490716,11.147003,Altenfeld,380.0
n4555,DE,False,51.730431,14.595337,Jänschwalde,380.0
n4556,DE,False,51.501049,14.206696,Schwarze Pumpe,380.0
n4557,DE,False,51.292841,14.672241,Boxberg,380.0
n4558,DE,False,51.733833,13.167114000000002,Windpark Schönewalde,380.0
n4559,DE,False,50.60590300000001,12.97348,Markersbach,380.0
n4560,DE,False,51.094036,13.581848,Niederwartha,220.0
n4561,DE,False,51.415482,11.807556,Lauchstädt,380.0
n4562,DE,False,51.024121,13.130035,Freiberg/Nord,380.0
n4569,PL,False,51.05900000000001,15.088,Mikułowa,380.0
n4575,DE,False,50.668613,11.35025,Stahlwerk Thüringen,220.0
n4576,DE,False,52.302601,13.168488,Mitte,380.0
n4577,DE,False,52.185721,11.90506,Sandtorstraße,220.0
n4579,DE,False,52.259752,14.414062,Heinersdorf,380.0
n4580,DE,False,49.473,6.74,Diefflen,220.0
n4581,DE,False,49.453,6.74,Diefflen,380.0
n4583,DE,False,49.340336,7.02987699999999,Weiher,220.0
n4584,DE,False,51.56,6.7139999999999995,Voerde,220.0
n4585,DE,False,51.54,6.7139999999999995,Voerde,380.0
n4586,DE,False,49.482401,8.40591400000001,BASF,380.0
n4587,DE,False,49.703,8.536,Biblis,220.0
n4588,DE,False,49.683,8.536,Biblis,380.0
n4589,DE,False,52.173089,8.92501799999999,Veltheim,220.0
n4590,DE,False,52.54,9.168,Landesbergen,220.0
n4591,DE,False,52.52,9.168,Landesbergen,380.0
n4592,DE,False,51.940032,9.420775999999991,Grohnde,380.0
n4593,DE,False,51.814558,9.93026700000001,Erzhausen,220.0
n4594,DE,False,52.24462,10.180206,Mehrum,220.0
n4595,DE,False,52.117469,10.443878,Hallendorf,220.0
n4596,DE,False,52.113252,10.965729,Buschhaus,380.0
n4597,DE,False,49.909671,9.360352,Aschaffenburg,380.0
n4598,DE,False,49.351967,6.676941000000008,Hütte,220.0
n4599,DE,False,49.431519,6.624756,Saarwellingen,220.0
n4600,DE,False,49.990967,6.256714,Bauler,220.0
n4601,DE,False,49.975,6.527,Niederstedem,220.0
n4602,DE,False,49.95500000000001,6.527,Niederstedem,380.0
n4603,DE,False,49.688955,6.648101999999992,Trier,220.0
n4604,DE,False,50.403266,6.568451,Dahlem,380.0
n4605,DE,False,49.417,7.7010000000000005,Otterbach,220.0
n4606,DE,False,49.397,7.7010000000000005,Otterbach,380.0
n4607,DE,False,49.421694,7.2578429999999985,Bexbach,380.0
n4608,DE,False,49.398,6.942,Uchtelfangen,220.0
n4609,DE,False,49.378,6.942,Uchtelfangen,380.0
n4610,DE,False,49.326912,7.360839999999992,Homburg,220.0
n4611,DE,False,50.095036,7.003783999999992,Wengerohr,220.0
n4612,DE,False,50.386,7.381,Weißenthurm,220.0
n4613,DE,False,50.36600000000001,7.381,Weißenthurm,380.0
n4614,DE,False,50.333,7.585,Koblenz,220.0
n4615,DE,False,50.313,7.585,Koblenz,380.0
n4616,DE,False,49.20414,8.411407,Philippsburg,380.0
n4617,DE,False,49.796336,7.724761999999999,Niederhausen,220.0
n4618,DE,False,50.05,8.352,Marxheim,220.0
n4619,DE,False,50.03,8.352,Marxheim,380.0
n4620,DE,False,49.902596,8.393555000000001,Bischofsheim,380.0
n4621,DE,False,50.397138,8.11202999999999,Limburg,380.0
n4622,DE,False,51.105,6.791,St. Peter,220.0
n4623,DE,False,51.085,6.791,St. Peter,380.0
n4624,DE,False,50.996472,6.546477999999992,Niederaußem,380.0
n4625,DE,False,50.831963,6.278686999999992,Zukunft,380.0
n4626,DE,False,50.915156,6.236115,Siersdorf,380.0
n4627,DE,False,50.83022800000001,6.465453999999991,Oberzier,380.0
n4628,DE,False,50.9342,6.513518999999992,Paffendorf,380.0
n4629,DE,False,51.006,6.68,Rommerskirchen,220.0
n4630,DE,False,50.986,6.68,Rommerskirchen,380.0
n4631,DE,False,51.232,6.367000000000001,Dülken,220.0
n4632,DE,False,51.211999999999996,6.367000000000001,Dülken,380.0
n4633,DE,False,51.163844,6.700287000000008,Norf,220.0
n4634,DE,False,51.061249,6.55197100000001,Neurath,380.0
n4635,DE,False,51.113869,6.628875999999999,Gohrpunkt,380.0
n4636,DE,False,51.256,6.586,Osterath,220.0
n4637,DE,False,51.236,6.586,Osterath,380.0
n4638,DE,False,51.356,6.601,Mündelheim,220.0
n4639,DE,False,51.336000000000006,6.601,Mündelheim,380.0
n4640,DE,False,51.618869,6.2677,Pfalzdorf,220.0
n4641,DE,False,51.454863,6.591797,Utfort,380.0
n4642,DE,False,51.64,6.617000000000001,Niederrhein,220.0
n4643,DE,False,51.62000000000001,6.617000000000001,Niederrhein,380.0
n4644,DE,False,51.724,7.831,Gersteinwerk,220.0
n4645,DE,False,51.70399999999999,7.831,Gersteinwerk,380.0
n4646,DE,False,51.523999999999994,7.314,Dortmund,220.0
n4647,DE,False,51.50400000000001,7.314,Dortmund,380.0
n4648,DE,False,51.217,7.131,Linde,220.0
n4649,DE,False,51.196999999999996,7.131,Linde,380.0
n4650,DE,False,51.06100000000001,6.992999999999999,Opladen,220.0
n4651,DE,False,51.041,6.992999999999999,Opladen,380.0
n4652,DE,False,50.784,6.922999999999999,Sechtem,220.0
n4653,DE,False,50.763999999999996,6.922999999999999,Sechtem,380.0
n4654,DE,False,51.175038,6.870574999999992,Eller,220.0
n4655,DE,False,51.125075,6.958465999999992,Ohligs,380.0
n4656,DE,False,50.798,7.155,Siegburg,220.0
n4657,DE,False,50.778,7.155,Siegburg,380.0
n4658,DE,False,50.632042,7.098541,Ließem,380.0
n4659,DE,False,50.888308,7.028503,Gremberghoven,220.0
n4660,DE,False,50.897836,7.215271000000008,Bollenacker,380.0
n4661,DE,False,51.495065,7.024384,Scholven,220.0
n4662,DE,False,51.468999999999994,6.851,Büscherhof,220.0
n4663,DE,False,51.44900000000001,6.851,Büscherhof,380.0
n4664,DE,False,51.329754,6.818389999999999,Selbeck,380.0
n4665,DE,False,51.409486,6.9378660000000085,Eiberg,380.0
n4666,DE,False,51.537794,6.834869,unknown,380.0
n4667,DE,False,51.58475,6.981811999999981,Polsum,380.0
n4668,DE,False,51.423,7.136,Witten,220.0
n4669,DE,False,51.403,7.136,Witten,380.0
n4670,DE,False,51.353,7.155,Hattingen,220.0
n4671,DE,False,51.33300000000001,7.155,Hattingen,380.0
n4672,DE,False,51.416000000000004,7.28,Witten,220.0
n4673,DE,False,51.396,7.28,Witten,380.0
n4674,DE,False,51.659779,7.065582000000001,Kusenhorst,380.0
n4675,DE,False,51.470263,7.182311999999992,Bochum,380.0
n4676,DE,False,51.55,7.229,Pöppinghausen,220.0
n4677,DE,False,51.53,7.229,Pöppinghausen,380.0
n4678,DE,False,51.069,8.001,Altenkleusheim,220.0
n4679,DE,False,51.049,8.001,Altenkleusheim,380.0
n4680,DE,False,50.823,7.921,Dauersberg,220.0
n4681,DE,False,50.803,7.921,Dauersberg,380.0
n4682,DE,False,50.977453,7.518768,Bomig,380.0
n4683,DE,False,50.894,8.058,Eiserfeld,220.0
n4684,DE,False,50.873999999999995,8.058,Eiserfeld,380.0
n4685,DE,False,50.929872,8.246613000000009,Setzer Wiese,220.0
n4686,DE,False,51.361000000000004,7.472,Koepchenwerk,220.0
n4687,DE,False,51.341,7.472,Koepchenwerk,380.0
n4688,DE,False,51.34862800000001,7.695922999999992,Bixterheide,220.0
n4689,DE,False,51.437,7.397,Garenfeld,220.0
n4690,DE,False,51.417,7.397,Garenfeld,380.0
n4691,DE,False,51.4925,7.5036619999999905,Harpen,220.0
n4692,DE,False,51.663999999999994,8.068999999999999,Lippborg,220.0
n4693,DE,False,51.64400000000001,8.068999999999999,Lippborg,380.0
n4694,DE,False,52.212656,7.128753999999999,Gronau,380.0
n4695,DE,False,52.464377,7.26745599999999,Emsland,380.0
n4696,DE,False,52.354,8.285,Wehrendorf,220.0
n4697,DE,False,52.333999999999996,8.285,Wehrendorf,380.0
n4698,DE,False,51.985,7.6770000000000005,Roxel,220.0
n4699,DE,False,51.965,7.6770000000000005,Roxel,380.0
n4700,DE,False,52.258,7.707000000000001,Ibbenbüren,220.0
n4701,DE,False,52.238,7.707000000000001,Ibbenbüren,380.0
n4702,DE,False,52.052,8.207,Hesseln,220.0
n4703,DE,False,52.032,8.207,Hesseln,380.0
n4704,DE,False,52.292,7.931,Westerkappeln,220.0
n4705,DE,False,52.272,7.931,Westerkappeln,380.0
n4706,DE,False,52.264,8.145,Lüstringen,220.0
n4707,DE,False,52.244,8.145,Lüstringen,380.0
n4708,DE,False,49.300054,8.60504200000001,Neurott,380.0
n4709,DE,False,49.283036,8.480072000000009,Altlußheim,220.0
n4710,DE,False,49.114332,8.54186999999999,Bruchsal,380.0
n4711,DE,False,49.208626,8.589935,Wiesloch,380.0
n4712,DE,False,49.275869,8.96484399999999,Hüffenhardt,380.0
n4713,DE,False,49.156562,9.298553000000009,Heilbronn,380.0
n4714,DE,False,49.263324,9.547119,Kupferzell,380.0
n4715,DE,False,50.543108,9.672089,Dipperz,380.0
n4716,DE,False,50.143466,8.809662,Dörnigheim,220.0
n4717,DE,False,49.999,8.535,Kelsterbach,220.0
n4718,DE,False,49.979,8.535,Kelsterbach,380.0
n4719,DE,False,49.381479,8.54461699999999,Rheinau,220.0
n4720,DE,False,49.442,8.501,BASF,220.0
n4721,DE,False,49.422,8.501,BASF,380.0
n4722,DE,False,49.603591,8.47320599999999,Bürstadt,380.0
n4723,DE,False,49.530557,8.680572999999999,Weinheim,380.0
n4724,DE,False,49.942,8.8,Urberach,220.0
n4725,DE,False,49.922,8.8,Urberach,380.0
n4726,DE,False,50.115295,8.53088400000001,Kriftel,380.0
n4727,DE,False,50.789443,8.45397899999999,Dillenburg,380.0
n4728,DE,False,51.158677,8.38806200000001,Arpe,380.0
n4729,DE,False,50.242814,8.760223000000009,Karben,380.0
n4730,DE,False,50.657297,8.705292,Gießen/Nord,380.0
n4731,DE,False,51.385495,8.69293200000001,Nehden,380.0
n4732,DE,False,49.516293,8.945618,Beerfelden,220.0
n4733,DE,False,50.105,8.972999999999999,Großkrotzenburg,220.0
n4734,DE,False,50.085,8.972999999999999,Großkrotzenburg,380.0
n4735,DE,False,49.720928,9.500427,Trennfeld,220.0
n4736,DE,False,49.603591,9.36309800000001,Höpfingen,380.0
n4737,DE,False,51.029304,9.25872799999999,Borken,380.0
n4738,DE,False,51.084547,9.02526899999999,Waldeck,380.0
n4739,DE,False,51.344339,8.896179000000009,Twistetal,380.0
n4740,DE,False,50.85971,9.621277,Mecklar,380.0
n4741,DE,False,51.194836,9.529265999999991,Bergshausen,380.0
n4742,DE,False,51.306579,9.552611999999991,Sandershausen,220.0
n4743,DE,False,52.390687,8.893432999999991,Ovenstädt,380.0
n4744,DE,False,52.023999999999994,8.759,Bechterdissen,220.0
n4745,DE,False,52.00400000000001,8.759,Bechterdissen,380.0
n4746,DE,False,51.908,8.429,Gütersloh,220.0
n4747,DE,False,51.88800000000001,8.429,Gütersloh,380.0
n4748,DE,False,51.668297,8.81515500000001,Paderborn-Süd,220.0
n4749,DE,False,52.036,8.609,Bielefeld Ost,220.0
n4750,DE,False,52.01600000000001,8.609,Bielefeld Ost,380.0
n4751,DE,False,52.104818,8.66546600000001,Eickum,380.0
n4752,DE,False,51.994,8.952,Lage,220.0
n4753,DE,False,51.974,8.952,Lage,380.0
n4754,DE,False,51.707459,8.691559,Elsen,380.0
n4755,DE,False,52.245461,9.12277200000001,Meißen,220.0
n4756,DE,False,52.277401,9.652863000000009,Hannover West,220.0
n4757,DE,False,49.957405,10.784454,Oberhaid,380.0
n4758,DE,False,49.987435,9.92477399999999,Bergrheinfeld,380.0
n4759,DE,False,49.950336,10.081329,Grafenrheinfeld,380.0
n4760,DE,False,49.407399,10.80368,Raitersaich,380.0
n4761,DE,False,51.627395,9.74899299999999,Hardegsen,220.0
n4762,DE,False,51.466841,9.832763999999981,Göttingen,220.0
n4763,DE,False,51.980651,9.77508500000001,Godenau,220.0
n4764,DE,False,50.942854,10.393066,Eisenach,380.0
n4765,DE,False,49.628504,11.023407,Kriegenbrunn,380.0
n4766,DE,False,49.992733,11.026154,Würgau,380.0
n4767,DE,False,51.47454000000001,11.017914,Wolkramshausen,220.0
n4768,DE,False,52.379791,9.889069,Lahe,220.0
n4769,DE,False,52.337856,10.022278,Lehrte,220.0
n4770,DE,False,52.198349,9.946747000000009,Algermissen,380.0
n4771,DE,False,52.29600000000001,10.300999999999998,Klein Ilsede,220.0
n4772,DE,False,52.276,10.300999999999998,Klein Ilsede,380.0
n4773,DE,False,52.338695,10.831146,Hattorf,380.0
n4774,DE,False,52.198349,10.511169,Gleidingen,220.0
n4775,DE,False,52.268,10.453,Wahle,220.0
n4776,DE,False,52.24800000000001,10.453,Wahle,380.0
n4777,DE,False,49.939731,10.259857,Eltmann,380.0
n4778,DE,False,52.315195,7.701416,Ibbenbüren,380.0
n4779,DE,False,50.855376,6.730499000000001,Goldenberg,380.0
n4780,DE,False,51.580483,9.394684,Würgassen,380.0
n4781,DE,False,50.158,8.619,Frankfurt-Südwest,220.0
n4782,DE,False,50.13800000000001,8.619,Frankfurt-Südwest,380.0
n4783,DE,False,50.406767,11.046753,Goldisthal,380.0
n4784,DE,False,50.66252,8.484191999999991,Aßlar,380.0
n4785,DE,False,50.131143,10.030518,Schweinfurt,380.0
n4786,DE,False,50.816348,6.042479999999991,Verlautenheide,380.0
n4787,DE,False,49.834,6.699,Quint,220.0
n4788,DE,False,49.81399999999999,6.699,Quint,380.0
n4789,DE,False,52.306799,10.680084,Braunschweig Nord,220.0
n4790,DE,False,51.800123,8.245239,Enniger,380.0
n4791,DE,False,51.76529,9.24911499999999,Vörden,380.0
n4793,LU,False,49.713825,6.26220699999999,Heisdorf,220.0
n4798,LU,False,49.990084,6.057587,Vianden,220.0
n4799,LU,False,49.781264,6.1097719999999915,Roost,220.0
n4800,LU,False,49.89109600000001,6.17569,Flebour,220.0
n4825,FR,False,49.173,6.252999999999999,Vigy,380.0
n4826,FR,False,49.142,6.676,St. Avold,220.0
n4836,NL,False,51.179343,5.910644999999992,Maasbracht,380.0
n4842,NL,False,52.19919,6.7030330000000005,Hengelo,380.0
n4844,DE,False,49.303000000000004,6.699,Ensdorf,220.0
n4845,DE,False,49.283,6.699,Ensdorf,380.0
n4846,DE,False,49.105343,9.33013899999999,GKN 2,380.0
n4847,DE,False,49.953,7.857,Waldlaubershaim,220.0
n4848,DE,False,49.933,7.857,Waldlaubershaim,380.0
n4852,DE,False,49.155664,9.06234699999999,Großgartach,380.0
n4854,DE,False,49.927356,9.908295,Bergrheinfeld/West,380.0
n4855,DE,False,49.979488,8.97995000000001,Dettingen,380.0
n5525,DK,False,55.44,11.952339745962155,Bjæverskov,380.0
n5534,DE,False,53.563152,11.46286,Görries,380.0
n5535,DE,False,53.456985,13.981476,Pasewalk,220.0
n5536,DE,False,53.065976,11.946259,Perleberg,380.0
n5537,DE,False,52.652,13.049000000000001,Hennigsdorf,220.0
n5538,DE,False,52.63200000000001,13.049000000000001,Hennigsdorf,380.0
n5539,DE,False,52.593038,13.410187,Malchow,380.0
n5540,DE,False,53.099,14.252,Vierraden,220.0
n5541,DE,False,53.07899999999999,14.252,Vierraden,380.0
n5542,DE,False,54.14366,12.128323,Rostock,380.0
n5543,DE,False,54.077,12.273,Bentwisch,132.0
n5544,DE,False,54.062,12.281660254037845,Bentwisch,220.0
n5545,DE,False,54.062,12.264339745962156,Bentwisch,380.0
n5546,DE,False,53.769,12.206,Güstrow,220.0
n5547,DE,False,53.748999999999995,12.206,Güstrow,380.0
n5549,DE,False,54.258807,13.066864,Lüdershagen,220.0
n5550,DE,False,53.837943,13.141022,Siedenbrünzow,380.0
n5551,DE,False,54.123000000000005,13.600999999999999,Lubmin,220.0
n5552,DE,False,54.103,13.600999999999999,Lubmin,380.0
n5553,DE,False,53.196161,13.768616,Windpark Bertikow,220.0
n5554,DE,False,53.334153,12.253876,Windpark Putlitz,380.0
n5555,DE,False,53.550099,11.797943,Wessin,380.0
n5556,DE,False,52.733797,11.759491,Stendal West,380.0
n5557,DE,False,54.580817,12.54364,Baltic 1,132.0
n5559,PL,False,53.155,14.442,Krajnik,380.0
n5572,SE,False,55.58145,13.189087,Arrie,380.0
n5579,DE,False,54.715895,12.870483,Baltic 2,132.0
n5591,DE,False,53.792539,13.303070000000002,Windpark Iven,220.0
n5592,DE,False,53.621838,13.351135,Windpark Altentreptow/Nord,380.0
n5596,DE,False,53.574569,13.216553,Altentreptow/Süd,380.0
n5597,DE,False,53.273426,12.396698,Putlitz/Süd,380.0
n5598,DE,False,53.568861,12.274475,Parchim/Süd,380.0
n5599,DE,False,52.844253,13.208313,Gransee,380.0
n5602,DK,False,55.027,9.516,Ensted,132.0
n5606,DK,False,55.069,9.287339745962155,Kassø,380.0
n5643,DE,False,53.52071700000001,8.12576299999999,Wilhelmshaven,220.0
n5644,DE,False,53.108865,8.324889999999991,Huntorf,220.0
n5645,DE,False,53.10309399999999,8.556975999999999,Farge,220.0
n5646,DE,False,53.839,9.382,Brokdorf,220.0
n5647,DE,False,53.818999999999996,9.382,Brokdorf,380.0
n5648,DE,False,53.43081,7.21252399999999,Emden/Borßum,132.0
n5649,DE,False,52.79362800000001,7.227631,Niederlangen,380.0
n5650,DE,False,53.057723,7.375946000000001,Diele,380.0
n5651,DE,False,53.38399999999999,7.256,Emden,220.0
n5653,DE,False,53.565,8.002,Maade,220.0
n5654,DE,False,53.545,8.002,Maade,380.0
n5655,DE,False,53.615321,8.08868399999999,Voslapp,220.0
n5656,DE,False,52.918839,8.070831000000009,Cloppenburg Ost,220.0
n5657,DE,False,53.31100000000001,8.122,Conneforde,220.0
n5658,DE,False,53.291,8.122,Conneforde,380.0
n5659,DE,False,52.94781,8.46633900000001,Ganderkesee,380.0
n5660,DE,False,52.59136899999999,8.36883500000001,St. Hülfe,380.0
n5661,DE,False,53.342353,8.39218100000001,Unterweser,380.0
n5662,DE,False,52.99081700000001,8.878326,Blockland,220.0
n5663,DE,False,52.820193,8.982697,Wechold,220.0
n5664,DE,False,53.917,9.242,Brunsbüttel,220.0
n5665,DE,False,53.897,9.242,Brunsbüttel,380.0
n5666,DE,False,53.054,9.234,Sottrum,220.0
n5667,DE,False,53.034,9.234,Sottrum,380.0
n5668,DE,False,53.907574,9.40567,Wilster,380.0
n5669,DE,False,53.697,9.448,Abbenfleth,220.0
n5670,DE,False,53.677,9.448,Abbenfleth,380.0
n5671,DE,False,53.415262,9.516907000000002,Dollern,380.0
n5672,DE,False,53.961742,9.56909199999999,Itzehoe,220.0
n5673,DE,False,53.006521,10.395813,Stadorf,380.0
n5674,DE,False,53.822,9.948,Hamburg-Nord,220.0
n5675,DE,False,53.802,9.948,Hamburg-Nord,380.0
n5676,DE,False,53.678002,9.67758199999999,Kummerfeld,220.0
n5677,DE,False,53.443899,9.88357500000001,Hamburg-Süd,380.0
n5678,DE,False,54.315,9.76,Audorf,220.0
n5679,DE,False,54.295,9.76,Audorf,380.0
n5680,DE,False,53.732,9.971,unknown,220.0
n5681,DE,False,53.711999999999996,9.971,unknown,380.0
n5682,DE,False,53.568045,10.254364,Hamburg-Ost,380.0
n5683,DE,False,54.334829000000006,10.118414999999999,Kiel/West,220.0
n5684,DE,False,54.249982,10.162354,Kiel-Süd,220.0
n5685,DE,False,53.43571899999999,10.458984,Krümmel,380.0
n5686,DE,False,53.264392,10.441132,Lüneburg,380.0
n5687,DE,False,53.833891,10.548248,Lübeck,220.0
n5688,DE,False,53.947196,10.881958,Herrenwyk,380.0
n5689,DE,False,53.882,10.757,Siems,220.0
n5690,DE,False,53.861999999999995,10.757,Siems,380.0
n5692,DE,False,52.902276,7.193298,Rhede,380.0
n5693,DE,False,52.69969,7.244110000000001,Meppen,380.0
n5694,DE,False,53.467613,9.001923,Alfstedt,380.0
n5695,DE,False,54.752,9.407,Flensburg,132.0
n5696,DE,False,54.732,9.407,Flensburg,220.0
n5697,DE,False,53.496216,9.998931999999991,Moorburg,380.0
n5702,NL,False,53.011478,6.97631799999999,Meeden,380.0
n7151,DE,False,48.809553646243714,9.3577410955065,,380.0
n5710,DE,False,53.568861,9.34936500000001,Stade,220.0
n5711,DE,False,53.618579,9.445496,Götzdorf,220.0
n5713,DE,False,53.664985,7.518768,Hagermarsch,132.0
n5714,DE,False,54.38375600000001,10.324402,Kiel,220.0
n5718,DE,False,54.250785,8.057098000000009,HelWin alpha,500.0
n5722,DE,False,53.939921,6.96670499999999,Alpha Ventus,132.0
n5724,DE,False,54.32213,6.851349000000001,BorWin alpha,500.0
n5725,DE,False,54.92240699999999,7.787932999999992,SylWin alpha,500.0
n5726,DE,False,53.691828,6.48056,Riffgat,132.0
n5732,DE,False,53.931837,9.327393,Büttel,380.0
n5733,DE,False,52.847571,7.161712999999992,Dörpen/West,380.0
n5734,DE,False,54.792768,9.253235,Jardelund,380.0
n5735,DE,False,53.72109200000001,9.324646,Bützfleth,220.0
n5738,DE,False,52.59136899999999,8.81515500000001,Ohlensehlen,380.0
n5739,DE,False,53.025522,8.592681999999991,Farge,380.0
n6839,DE,False,51.272,6.466,,220.0
n6841,DE,False,51.648,7.696000000000001,,220.0
n6842,DE,False,51.628,7.696000000000001,,380.0
n6843,DE,False,51.5,6.925,,220.0
n6844,DE,False,51.48,6.925,,380.0
n6845,DE,False,49.13500300000001,8.68743899999999,,380.0
n6846,DE,False,49.315,8.648,,220.0
n6847,DE,False,49.295,8.648,,380.0
n6848,DE,False,52.364,9.279,,220.0
n6849,DE,False,52.343999999999994,9.279,,380.0
n6850,DE,False,51.817105,13.083344,,380.0
n6851,DE,False,49.54600000000001,8.546,,220.0
n6852,DE,False,49.526,8.546,,380.0
n6853,DE,False,47.6163830585205,9.66342984416435,,380.0
n6854,DE,False,49.771509,6.56021099999999,,220.0
n7261,DE,False,50.0562569336238,9.06920626637131,,380.0
n7264,DE,False,53.412,7.156000000000001,,220.0
n7266,DE,False,49.467,8.597999999999999,,220.0
n7267,DE,False,49.446999999999996,8.597999999999999,,380.0
n7268,DE,False,49.444,7.605,,220.0
n7269,DE,False,49.424,7.605,,380.0
n7270,DE,False,49.103,9.123,,220.0
n7271,DE,False,49.08300000000001,9.123,,380.0
n7272,DE,False,52.0268686948702,11.860805733192198,,380.0
n7273,DE,False,47.62718878286299,7.61211063010961,,380.0
n7274,DE,False,49.9811962320999,8.85236590221325,,380.0
n7275,DE,False,52.7054009556843,13.519450410829801,,380.0
n7276,DE,False,47.6366911167738,9.80235240729302,,380.0
n7277,DE,False,48.7862046295837,9.3485050809948,,380.0
n7278,DE,False,48.6384915659824,9.436338728817741,,380.0
n7279,DE,False,47.9064277743692,8.41385138195524,,380.0
n7280,DE,False,47.964181,8.503418000000009,,380.0
n7281,DE,False,48.756104587978,9.442251621868511,,380.0
n7282,DE,False,50.9274308183605,6.8076118361516,,380.0
n7486,DE,False,53.673121,9.27520799999999,,220.0
n7487,DE,False,50.894372,11.597443,,380.0
n7489,DE,False,52.614723,12.233276,,380.0
n7610,DE,False,52.704683,12.978973,,220.0
n7637,DE,False,52.114096,14.440155,,380.0
n7641,DE,False,50.959292,13.128662,,380.0
n7649,DE,False,47.800242,8.87832600000001,,220.0
n7652,DE,False,49.408,7.1770000000000005,,220.0
n7653,DE,False,49.38800000000001,7.1770000000000005,,380.0
n7672,DE,False,51.010299,10.345001,,380.0
n7681,DE,False,52.792797,7.13012700000001,,380.0
n7682,DE,False,51.567681,12.171478,,380.0
n7688,DE,False,53.559073,12.553253,,380.0
n7704,DE,False,50.264765,7.505035,,380.0
n7711,DE,False,49.349283,6.84448199999999,,380.0
n7712,DE,False,50.306007,8.124390000000009,,380.0
n7720,DE,False,53.582,12.133,,220.0
n7721,DE,False,53.56200000000001,12.133,,380.0
n7723,DE,False,51.401,6.502999999999999,,220.0
n7724,DE,False,51.381,6.502999999999999,,380.0
n7726,DE,False,53.18875600000001,13.94165,,220.0
n7729,DK,False,54.913725,9.41390999999999,,220.0
n7745,DE,False,49.884017,10.020905,,380.0
n7756,DE,False,49.60804,10.007172,,380.0
n7760,DE,False,53.625095,11.725159,,380.0
n7769,DE,False,47.538000000000004,11.216,,220.0
n7783,DE,False,48.281365,10.06485,,380.0
n7786,DE,False,52.503684,7.3374939999999915,,380.0
n7788,DE,False,51.825593,13.165741,,380.0
n7790,DE,False,49.845,6.632000000000001,,220.0
n7791,DE,False,49.825,6.632000000000001,,380.0
n7795,DE,False,50.993879,8.032378999999999,,220.0
n7798,DE,False,49.562634,8.45672599999999,,380.0
n7800,DE,False,51.76869,7.9939269999999905,,380.0
n7805,DE,False,50.66339,12.906189,,380.0
n7823,DE,False,49.546598,6.61926300000001,,220.0
n7850,DE,False,48.441045,11.02066,,380.0
n7852,DE,False,51.899376,8.54461699999999,,220.0
n7857,DE,False,48.370848,11.737518,,380.0
n7863,DE,False,51.97473,8.644867,,380.0
n7870,DE,False,52.261434,14.317932,,380.0
n7871,DE,False,53.87439200000001,9.394684,,380.0
n7872,DE,False,51.813,7.942,,220.0
n7873,DE,False,51.793,7.942,,380.0
n7878,DE,False,53.61695,9.61578400000001,,380.0
n7879,DE,False,53.084952,9.02526899999999,,220.0
n7884,DE,False,52.170563,9.07058700000001,,220.0
n7888,DE,False,49.433,8.308,,220.0
n7889,DE,False,49.413,8.308,,380.0
n7890,DE,False,49.832668,8.48281900000001,,380.0
n7892,DE,False,51.063839,12.626038,,220.0
n7897,DE,False,51.388923,8.85635399999999,,380.0
n7901,DE,False,53.748711,13.276978,,220.0
n7907,DE,False,50.867511,12.062988,,380.0
n7910,DE,False,49.782151,9.50591999999999,,220.0
n7913,DE,False,50.195364,8.756103999999999,,380.0
n7916,DE,False,51.76529,12.988586,,380.0
n7933,DE,False,50.952371,13.808441,,380.0
n7934,DE,False,52.838447,13.314056,,380.0
n7938,DE,False,51.76869,9.77096600000001,,220.0
n7939,DE,False,53.648708,13.274231,,380.0
n7941,DE,False,52.459357,7.96920800000001,,380.0
n7944,DE,False,48.459263,10.453491,,380.0
n7952,DE,False,53.234811,8.32900999999999,,220.0
n7959,DE,False,48.451066,9.18594400000001,,380.0
n7961,CZ,False,49.808302002027204,12.9549405,,380.0
n7967,DE,False,53.01230500000001,12.075348,,380.0
n7975,DE,False,48.867425,8.47732499999999,,220.0
n7976,DE,False,51.037076,7.54623400000001,,380.0
n7983,DE,False,50.981776,6.22787499999999,,380.0
n7984,DE,False,48.391826,12.788086,,220.0
n7988,DE,False,52.373084127351,12.9357145,,380.0
n7989,DE,False,53.116284,13.930664000000002,,220.0
n7996,DE,False,50.814612,8.059845,,220.0
n7998,DE,False,51.145756,9.12551900000001,,380.0
n8002,DE,False,52.53376700000001,7.389678999999999,,380.0
n8013,DE,False,49.22836,8.894805999999997,,380.0
n8015,DE,False,52.46605,8.37432900000001,,380.0
n8016,DE,False,50.6303,11.601562,,220.0
n8028,DE,False,51.697246,7.6931759999999985,,380.0
n8043,DE,False,54.258005,10.053864,,220.0
n8045,DE,False,48.027,10.761,,220.0
n8046,DE,False,48.00700000000001,10.761,,380.0
n8047,DE,False,50.771208,6.811522999999998,,380.0
n8051,DE,False,53.182173,8.41964699999999,,380.0
n8052,DE,False,53.067627,8.43887300000001,,380.0
n8055,DE,False,51.955268,8.437499999999991,,220.0
n8060,DE,False,53.19698399999999,8.59542800000002,,220.0
n8061,DE,False,49.561743,8.305664,,380.0
n8066,DE,False,53.262749,12.31842,,380.0
